Gas LSTM,Gas BiLstm,Gas GRU,Error LSTM,Error BiLstm,Error GRU
59.52145767211914,60.28691101074219,61.59461975097656,0,0,0
